{
  "CRWV": {
    "model_type": "Power Law",
    "parameters": {
      "alpha": 0.000609986984816881,
      "beta": 0.2265174849027034
    },
    "performance": {
      "r2": 0.9430395527810335,
      "rmse": 0.00033265581899473727
    }
  },
  "FROG": {
    "model_type": "Power Law",
    "parameters": {
      "alpha": 0.0006671038183804343,
      "beta": 0.2216466618678121
    },
    "performance": {
      "r2": 0.9116970675130674,
      "rmse": 0.0004322287775620627
    }
  },
  "SOUN": {
    "model_type": "Power Law",
    "parameters": {
      "alpha": 0.0003701808653006693,
      "beta": 0.16423045575559433
    },
    "performance": {
      "r2": 0.7248415858303671,
      "rmse": 0.0002274819349168059
    }
  }
}